alpha,gk_gamma,niter_tn,niter_hcc,acc,acc_std,f1_score,f1_score_std,roc_auc_score,roc_auc_score_std,run_time,selected_metric
0.01,2e-06,3,4,0.7653,0.0239,0.7628,0.0228,0.8327,0.0245,3026.1338,acc
0.013895,2e-06,3,4,0.7653,0.0239,0.7628,0.0228,0.8327,0.0245,3026.1338,acc
0.019307,2e-06,3,4,0.7653,0.0239,0.7628,0.0228,0.8327,0.0245,3026.1338,acc
0.026827,2e-06,3,4,0.7653,0.0239,0.7628,0.0228,0.8327,0.0245,3026.1338,acc
0.037276,2e-06,3,4,0.7653,0.0239,0.7628,0.0228,0.8327,0.0245,3026.1338,acc
0.051795,2e-06,3,4,0.7653,0.0239,0.7628,0.0228,0.8327,0.0245,3026.1338,acc
0.071969,2e-06,3,4,0.7653,0.0239,0.7628,0.0228,0.8327,0.0245,3026.1338,acc
0.1,2e-06,3,4,0.7653,0.0239,0.7628,0.0228,0.8327,0.0245,3026.1338,acc
0.13895,2e-06,3,4,0.7653,0.0239,0.7628,0.0228,0.8327,0.0245,3026.1338,acc
0.19307,2e-06,3,4,0.7653,0.0239,0.7628,0.0228,0.8327,0.0245,3026.1338,acc
0.26827,2e-06,3,4,0.7653,0.0239,0.7628,0.0228,0.8327,0.0245,3026.1338,acc
0.372759,2e-06,3,4,0.7653,0.0239,0.7628,0.0228,0.8327,0.0245,3026.1338,acc
0.517947,2e-06,3,4,0.7653,0.0239,0.7628,0.0228,0.8327,0.0245,3026.1338,acc
0.719686,2e-06,3,4,0.7653,0.0239,0.7628,0.0228,0.8327,0.0245,3026.1338,acc
0.719686,0.001,3,4,0.7569,0.024,0.7549,0.0229,0.8345,0.0261,3026.1338,roc_auc_score
0.01,0.001,3,5,0.7652,0.0239,0.763,0.0227,0.8326,0.0256,3740.7295,f1_score
0.013895,0.000756,3,5,0.7652,0.0239,0.763,0.0227,0.8326,0.0256,3740.7295,f1_score
0.013895,0.00083,3,5,0.7652,0.0239,0.763,0.0227,0.8326,0.0256,3740.7295,f1_score
0.013895,0.000911,3,5,0.7652,0.0239,0.763,0.0227,0.8326,0.0256,3740.7295,f1_score
0.013895,0.001,3,5,0.7652,0.0239,0.763,0.0227,0.8326,0.0256,3740.7295,f1_score
0.019307,0.000521,3,5,0.7652,0.0239,0.763,0.0227,0.8326,0.0256,3740.7295,f1_score
0.019307,0.000572,3,5,0.7652,0.0239,0.763,0.0227,0.8326,0.0256,3740.7295,f1_score
0.019307,0.000628,3,5,0.7652,0.0239,0.763,0.0227,0.8326,0.0256,3740.7295,f1_score
0.019307,0.000689,3,5,0.7652,0.0239,0.763,0.0227,0.8325,0.0256,3740.7295,f1_score
0.019307,0.000756,3,5,0.7652,0.0239,0.763,0.0227,0.8325,0.0256,3740.7295,f1_score
0.019307,0.00083,3,5,0.7652,0.0239,0.763,0.0227,0.8325,0.0256,3740.7295,f1_score
0.019307,0.000911,3,5,0.7652,0.0239,0.763,0.0227,0.8325,0.0256,3740.7295,f1_score
0.019307,0.001,3,5,0.7652,0.0239,0.763,0.0227,0.8325,0.0256,3740.7295,f1_score
0.026827,0.000359,3,5,0.7652,0.0239,0.763,0.0227,0.8326,0.0256,3740.7295,f1_score
0.026827,0.000394,3,5,0.7652,0.0239,0.763,0.0227,0.8326,0.0256,3740.7295,f1_score
0.026827,0.000433,3,5,0.7652,0.0239,0.763,0.0227,0.8326,0.0256,3740.7295,f1_score
0.026827,0.000475,3,5,0.7652,0.0239,0.763,0.0227,0.8325,0.0256,3740.7295,f1_score
0.026827,0.000521,3,5,0.7652,0.0239,0.763,0.0227,0.8325,0.0256,3740.7295,f1_score
0.026827,0.000572,3,5,0.7652,0.0239,0.763,0.0227,0.8325,0.0256,3740.7295,f1_score
0.026827,0.000628,3,5,0.7652,0.0239,0.763,0.0227,0.8325,0.0256,3740.7295,f1_score
0.026827,0.000689,3,5,0.7652,0.0239,0.763,0.0227,0.8325,0.0256,3740.7295,f1_score
0.026827,0.000756,3,5,0.7652,0.0239,0.763,0.0227,0.8325,0.0256,3740.7295,f1_score
0.026827,0.00083,3,5,0.7652,0.0239,0.763,0.0227,0.8325,0.0256,3740.7295,f1_score
0.026827,0.000911,3,5,0.7652,0.0239,0.763,0.0227,0.8325,0.0256,3740.7295,f1_score
0.026827,0.001,3,5,0.7652,0.0239,0.763,0.0227,0.8325,0.0256,3740.7295,f1_score
0.037276,0.000272,3,5,0.7652,0.0239,0.763,0.0227,0.8326,0.0256,3740.7295,f1_score
0.037276,0.000298,3,5,0.7652,0.0239,0.763,0.0227,0.8326,0.0256,3740.7295,f1_score
0.037276,0.000327,3,5,0.7652,0.0239,0.763,0.0227,0.8325,0.0256,3740.7295,f1_score
0.037276,0.000359,3,5,0.7652,0.0239,0.763,0.0227,0.8325,0.0256,3740.7295,f1_score
0.037276,0.000394,3,5,0.7652,0.0239,0.763,0.0227,0.8325,0.0256,3740.7295,f1_score
0.037276,0.000433,3,5,0.7652,0.0239,0.763,0.0227,0.8325,0.0256,3740.7295,f1_score
0.037276,0.000475,3,5,0.7652,0.0239,0.763,0.0227,0.8325,0.0256,3740.7295,f1_score
0.037276,0.000521,3,5,0.7652,0.0239,0.763,0.0227,0.8325,0.0256,3740.7295,f1_score
0.037276,0.000572,3,5,0.7652,0.0239,0.763,0.0227,0.8325,0.0256,3740.7295,f1_score
0.037276,0.000628,3,5,0.7652,0.0239,0.763,0.0227,0.8325,0.0256,3740.7295,f1_score
0.037276,0.000689,3,5,0.7652,0.0239,0.763,0.0227,0.8325,0.0256,3740.7295,f1_score
0.037276,0.000756,3,5,0.7652,0.0239,0.763,0.0227,0.8325,0.0256,3740.7295,f1_score
0.037276,0.00083,3,5,0.7652,0.0239,0.763,0.0227,0.8326,0.0256,3740.7295,f1_score
0.037276,0.000911,3,5,0.7652,0.0239,0.763,0.0227,0.8326,0.0256,3740.7295,f1_score
0.037276,0.001,3,5,0.7652,0.0239,0.763,0.0227,0.8326,0.0256,3740.7295,f1_score
0.051795,0.000187,3,5,0.7652,0.0239,0.763,0.0227,0.8326,0.0256,3740.7295,f1_score
0.051795,0.000206,3,5,0.7652,0.0239,0.763,0.0227,0.8326,0.0256,3740.7295,f1_score
0.051795,0.000226,3,5,0.7652,0.0239,0.763,0.0227,0.8325,0.0256,3740.7295,f1_score
0.051795,0.000248,3,5,0.7652,0.0239,0.763,0.0227,0.8325,0.0256,3740.7295,f1_score
0.051795,0.000272,3,5,0.7652,0.0239,0.763,0.0227,0.8325,0.0256,3740.7295,f1_score
0.051795,0.000298,3,5,0.7652,0.0239,0.763,0.0227,0.8325,0.0256,3740.7295,f1_score
0.051795,0.000327,3,5,0.7652,0.0239,0.763,0.0227,0.8325,0.0256,3740.7295,f1_score
0.051795,0.000359,3,5,0.7652,0.0239,0.763,0.0227,0.8325,0.0256,3740.7295,f1_score
0.051795,0.000394,3,5,0.7652,0.0239,0.763,0.0227,0.8325,0.0256,3740.7295,f1_score
0.051795,0.000433,3,5,0.7652,0.0239,0.763,0.0227,0.8325,0.0256,3740.7295,f1_score
0.051795,0.000475,3,5,0.7652,0.0239,0.763,0.0227,0.8325,0.0256,3740.7295,f1_score
0.051795,0.000521,3,5,0.7652,0.0239,0.763,0.0227,0.8325,0.0256,3740.7295,f1_score
0.051795,0.000572,3,5,0.7652,0.0239,0.763,0.0227,0.8325,0.0256,3740.7295,f1_score
0.051795,0.000628,3,5,0.7652,0.0239,0.763,0.0227,0.8326,0.0256,3740.7295,f1_score
0.051795,0.000689,3,5,0.7652,0.0239,0.763,0.0227,0.8326,0.0256,3740.7295,f1_score
0.051795,0.000756,3,5,0.7652,0.0239,0.763,0.0227,0.8326,0.0255,3740.7295,f1_score
0.051795,0.00083,3,5,0.7652,0.0239,0.763,0.0227,0.8326,0.0254,3740.7295,f1_score
0.051795,0.000911,3,5,0.7652,0.0239,0.763,0.0227,0.8326,0.0254,3740.7295,f1_score
0.051795,0.001,3,5,0.7652,0.0239,0.763,0.0227,0.8326,0.0254,3740.7295,f1_score
0.071969,0.000129,3,5,0.7652,0.0239,0.763,0.0227,0.8326,0.0256,3740.7295,f1_score
0.071969,0.000142,3,5,0.7652,0.0239,0.763,0.0227,0.8326,0.0256,3740.7295,f1_score
0.071969,0.000156,3,5,0.7652,0.0239,0.763,0.0227,0.8325,0.0256,3740.7295,f1_score
0.071969,0.000171,3,5,0.7652,0.0239,0.763,0.0227,0.8325,0.0256,3740.7295,f1_score
0.071969,0.000187,3,5,0.7652,0.0239,0.763,0.0227,0.8325,0.0256,3740.7295,f1_score
0.071969,0.000206,3,5,0.7652,0.0239,0.763,0.0227,0.8325,0.0256,3740.7295,f1_score
0.071969,0.000226,3,5,0.7652,0.0239,0.763,0.0227,0.8325,0.0256,3740.7295,f1_score
0.071969,0.000248,3,5,0.7652,0.0239,0.763,0.0227,0.8325,0.0256,3740.7295,f1_score
0.071969,0.000272,3,5,0.7652,0.0239,0.763,0.0227,0.8325,0.0256,3740.7295,f1_score
0.071969,0.000298,3,5,0.7652,0.0239,0.763,0.0227,0.8325,0.0256,3740.7295,f1_score
0.071969,0.000327,3,5,0.7652,0.0239,0.763,0.0227,0.8325,0.0256,3740.7295,f1_score
0.071969,0.000359,3,5,0.7652,0.0239,0.763,0.0227,0.8325,0.0256,3740.7295,f1_score
0.071969,0.000394,3,5,0.7652,0.0239,0.763,0.0227,0.8325,0.0256,3740.7295,f1_score
0.071969,0.000433,3,5,0.7652,0.0239,0.763,0.0227,0.8326,0.0256,3740.7295,f1_score
0.071969,0.000475,3,5,0.7652,0.0239,0.763,0.0227,0.8326,0.0256,3740.7295,f1_score
0.071969,0.000521,3,5,0.7652,0.0239,0.763,0.0227,0.8326,0.0255,3740.7295,f1_score
0.071969,0.000572,3,5,0.7652,0.0239,0.763,0.0227,0.8326,0.0254,3740.7295,f1_score
0.071969,0.000628,3,5,0.7652,0.0239,0.763,0.0227,0.8326,0.0254,3740.7295,f1_score
0.071969,0.000689,3,5,0.7652,0.0239,0.763,0.0227,0.8326,0.0254,3740.7295,f1_score
0.071969,0.000756,3,5,0.7652,0.0239,0.763,0.0227,0.8327,0.0253,3740.7295,f1_score
0.071969,0.00083,3,5,0.7652,0.0239,0.763,0.0227,0.8326,0.0253,3740.7295,f1_score
0.071969,0.000911,3,5,0.7652,0.0239,0.763,0.0227,0.8327,0.0254,3740.7295,f1_score
0.071969,0.001,3,5,0.7652,0.0239,0.763,0.0227,0.8326,0.0254,3740.7295,f1_score
0.1,8.9e-05,3,5,0.7652,0.0239,0.763,0.0227,0.8326,0.0256,3740.7295,f1_score
0.1,9.8e-05,3,5,0.7652,0.0239,0.763,0.0227,0.8326,0.0256,3740.7295,f1_score
0.1,0.000107,3,5,0.7652,0.0239,0.763,0.0227,0.8325,0.0256,3740.7295,f1_score
0.1,0.000118,3,5,0.7652,0.0239,0.763,0.0227,0.8325,0.0256,3740.7295,f1_score
0.1,0.000129,3,5,0.7652,0.0239,0.763,0.0227,0.8325,0.0256,3740.7295,f1_score
0.1,0.000142,3,5,0.7652,0.0239,0.763,0.0227,0.8325,0.0256,3740.7295,f1_score
0.1,0.000156,3,5,0.7652,0.0239,0.763,0.0227,0.8325,0.0256,3740.7295,f1_score
0.1,0.000171,3,5,0.7652,0.0239,0.763,0.0227,0.8325,0.0256,3740.7295,f1_score
0.1,0.000187,3,5,0.7652,0.0239,0.763,0.0227,0.8325,0.0256,3740.7295,f1_score
0.1,0.000206,3,5,0.7652,0.0239,0.763,0.0227,0.8325,0.0256,3740.7295,f1_score
0.1,0.000226,3,5,0.7652,0.0239,0.763,0.0227,0.8325,0.0256,3740.7295,f1_score
0.1,0.000248,3,5,0.7652,0.0239,0.763,0.0227,0.8325,0.0256,3740.7295,f1_score
0.1,0.000272,3,5,0.7652,0.0239,0.763,0.0227,0.8325,0.0256,3740.7295,f1_score
0.1,0.000298,3,5,0.7652,0.0239,0.763,0.0227,0.8326,0.0256,3740.7295,f1_score
0.1,0.000327,3,5,0.7652,0.0239,0.763,0.0227,0.8326,0.0256,3740.7295,f1_score
0.1,0.000359,3,5,0.7652,0.0239,0.763,0.0227,0.8326,0.0255,3740.7295,f1_score
0.1,0.000394,3,5,0.7652,0.0239,0.763,0.0227,0.8326,0.0254,3740.7295,f1_score
0.1,0.000433,3,5,0.7652,0.0239,0.763,0.0227,0.8326,0.0254,3740.7295,f1_score
0.1,0.000475,3,5,0.7652,0.0239,0.763,0.0227,0.8326,0.0254,3740.7295,f1_score
0.1,0.000521,3,5,0.7652,0.0239,0.763,0.0227,0.8327,0.0253,3740.7295,f1_score
0.1,0.000572,3,5,0.7652,0.0239,0.763,0.0227,0.8326,0.0253,3740.7295,f1_score
0.1,0.000628,3,5,0.7652,0.0239,0.763,0.0227,0.8326,0.0254,3740.7295,f1_score
0.1,0.000689,3,5,0.7652,0.0239,0.763,0.0227,0.8326,0.0254,3740.7295,f1_score
0.1,0.000756,3,5,0.7652,0.0239,0.763,0.0227,0.8326,0.0254,3740.7295,f1_score
0.1,0.00083,3,5,0.7652,0.0239,0.763,0.0227,0.8326,0.0254,3740.7295,f1_score
0.13895,6.1e-05,3,5,0.7652,0.0239,0.763,0.0227,0.8326,0.0256,3740.7295,f1_score
0.13895,6.7e-05,3,5,0.7652,0.0239,0.763,0.0227,0.8326,0.0256,3740.7295,f1_score
0.13895,7.4e-05,3,5,0.7652,0.0239,0.763,0.0227,0.8325,0.0256,3740.7295,f1_score
0.13895,8.1e-05,3,5,0.7652,0.0239,0.763,0.0227,0.8325,0.0256,3740.7295,f1_score
0.13895,8.9e-05,3,5,0.7652,0.0239,0.763,0.0227,0.8325,0.0256,3740.7295,f1_score
0.13895,9.8e-05,3,5,0.7652,0.0239,0.763,0.0227,0.8325,0.0256,3740.7295,f1_score
0.13895,0.000107,3,5,0.7652,0.0239,0.763,0.0227,0.8325,0.0256,3740.7295,f1_score
0.13895,0.000118,3,5,0.7652,0.0239,0.763,0.0227,0.8325,0.0256,3740.7295,f1_score
0.13895,0.000129,3,5,0.7652,0.0239,0.763,0.0227,0.8325,0.0256,3740.7295,f1_score
0.13895,0.000142,3,5,0.7652,0.0239,0.763,0.0227,0.8325,0.0256,3740.7295,f1_score
0.13895,0.000156,3,5,0.7652,0.0239,0.763,0.0227,0.8325,0.0256,3740.7295,f1_score
0.13895,0.000171,3,5,0.7652,0.0239,0.763,0.0227,0.8326,0.0256,3740.7295,f1_score
0.13895,0.000187,3,5,0.7652,0.0239,0.763,0.0227,0.8325,0.0256,3740.7295,f1_score
0.13895,0.000206,3,5,0.7652,0.0239,0.763,0.0227,0.8326,0.0256,3740.7295,f1_score
0.13895,0.000226,3,5,0.7652,0.0239,0.763,0.0227,0.8326,0.0255,3740.7295,f1_score
0.13895,0.000248,3,5,0.7652,0.0239,0.763,0.0227,0.8326,0.0255,3740.7295,f1_score
0.13895,0.000272,3,5,0.7652,0.0239,0.763,0.0227,0.8326,0.0254,3740.7295,f1_score
0.13895,0.000298,3,5,0.7652,0.0239,0.763,0.0227,0.8326,0.0254,3740.7295,f1_score
0.13895,0.000327,3,5,0.7652,0.0239,0.763,0.0227,0.8326,0.0253,3740.7295,f1_score
0.13895,0.000359,3,5,0.7652,0.0239,0.763,0.0227,0.8326,0.0253,3740.7295,f1_score
0.13895,0.000394,3,5,0.7652,0.0239,0.763,0.0227,0.8326,0.0253,3740.7295,f1_score
0.13895,0.000433,3,5,0.7652,0.0239,0.763,0.0227,0.8326,0.0254,3740.7295,f1_score
0.13895,0.000475,3,5,0.7652,0.0239,0.763,0.0227,0.8326,0.0253,3740.7295,f1_score
0.13895,0.000521,3,5,0.7652,0.0239,0.763,0.0227,0.8326,0.0254,3740.7295,f1_score
0.19307,4.2e-05,3,5,0.7652,0.0239,0.763,0.0227,0.8326,0.0256,3740.7295,f1_score
0.19307,4.6e-05,3,5,0.7652,0.0239,0.763,0.0227,0.8326,0.0256,3740.7295,f1_score
0.19307,5.1e-05,3,5,0.7652,0.0239,0.763,0.0227,0.8325,0.0256,3740.7295,f1_score
0.19307,5.6e-05,3,5,0.7652,0.0239,0.763,0.0227,0.8326,0.0256,3740.7295,f1_score
0.19307,6.1e-05,3,5,0.7652,0.0239,0.763,0.0227,0.8325,0.0256,3740.7295,f1_score
0.19307,6.7e-05,3,5,0.7652,0.0239,0.763,0.0227,0.8325,0.0256,3740.7295,f1_score
0.19307,7.4e-05,3,5,0.7652,0.0239,0.763,0.0227,0.8325,0.0256,3740.7295,f1_score
0.19307,8.1e-05,3,5,0.7652,0.0239,0.763,0.0227,0.8325,0.0256,3740.7295,f1_score
0.19307,8.9e-05,3,5,0.7652,0.0239,0.763,0.0227,0.8325,0.0256,3740.7295,f1_score
0.19307,9.8e-05,3,5,0.7652,0.0239,0.763,0.0227,0.8325,0.0256,3740.7295,f1_score
0.19307,0.000107,3,5,0.7652,0.0239,0.763,0.0227,0.8325,0.0256,3740.7295,f1_score
0.19307,0.000118,3,5,0.7652,0.0239,0.763,0.0227,0.8325,0.0256,3740.7295,f1_score
0.19307,0.000129,3,5,0.7652,0.0239,0.763,0.0227,0.8325,0.0256,3740.7295,f1_score
0.19307,0.000142,3,5,0.7652,0.0239,0.763,0.0227,0.8326,0.0256,3740.7295,f1_score
0.19307,0.000156,3,5,0.7652,0.0239,0.763,0.0227,0.8326,0.0255,3740.7295,f1_score
0.19307,0.000171,3,5,0.7652,0.0239,0.763,0.0227,0.8326,0.0255,3740.7295,f1_score
0.19307,0.000187,3,5,0.7652,0.0239,0.763,0.0227,0.8326,0.0254,3740.7295,f1_score
0.19307,0.000206,3,5,0.7652,0.0239,0.763,0.0227,0.8326,0.0254,3740.7295,f1_score
0.19307,0.000226,3,5,0.7652,0.0239,0.763,0.0227,0.8327,0.0253,3740.7295,f1_score
0.19307,0.000248,3,5,0.7652,0.0239,0.763,0.0227,0.8326,0.0253,3740.7295,f1_score
0.19307,0.000272,3,5,0.7652,0.0239,0.763,0.0227,0.8327,0.0253,3740.7295,f1_score
0.19307,0.000298,3,5,0.7652,0.0239,0.763,0.0227,0.8326,0.0254,3740.7295,f1_score
0.19307,0.000327,3,5,0.7652,0.0239,0.763,0.0227,0.8326,0.0254,3740.7295,f1_score
0.19307,0.000359,3,5,0.7652,0.0239,0.763,0.0227,0.8326,0.0254,3740.7295,f1_score
0.26827,2.7e-05,3,5,0.7652,0.0239,0.763,0.0227,0.8326,0.0256,3740.7295,f1_score
0.26827,2.9e-05,3,5,0.7652,0.0239,0.763,0.0227,0.8326,0.0256,3740.7295,f1_score
0.26827,3.2e-05,3,5,0.7652,0.0239,0.763,0.0227,0.8326,0.0256,3740.7295,f1_score
0.26827,3.5e-05,3,5,0.7652,0.0239,0.763,0.0227,0.8325,0.0256,3740.7295,f1_score
0.26827,3.9e-05,3,5,0.7652,0.0239,0.763,0.0227,0.8325,0.0256,3740.7295,f1_score
0.26827,4.2e-05,3,5,0.7652,0.0239,0.763,0.0227,0.8325,0.0256,3740.7295,f1_score
0.26827,4.6e-05,3,5,0.7652,0.0239,0.763,0.0227,0.8325,0.0256,3740.7295,f1_score
0.26827,5.1e-05,3,5,0.7652,0.0239,0.763,0.0227,0.8325,0.0256,3740.7295,f1_score
0.26827,5.6e-05,3,5,0.7652,0.0239,0.763,0.0227,0.8325,0.0256,3740.7295,f1_score
0.26827,6.1e-05,3,5,0.7652,0.0239,0.763,0.0227,0.8325,0.0256,3740.7295,f1_score
0.26827,6.7e-05,3,5,0.7652,0.0239,0.763,0.0227,0.8325,0.0256,3740.7295,f1_score
0.26827,7.4e-05,3,5,0.7652,0.0239,0.763,0.0227,0.8325,0.0256,3740.7295,f1_score
0.26827,8.1e-05,3,5,0.7652,0.0239,0.763,0.0227,0.8325,0.0256,3740.7295,f1_score
0.26827,8.9e-05,3,5,0.7652,0.0239,0.763,0.0227,0.8326,0.0256,3740.7295,f1_score
0.26827,9.8e-05,3,5,0.7652,0.0239,0.763,0.0227,0.8326,0.0255,3740.7295,f1_score
0.26827,0.000107,3,5,0.7652,0.0239,0.763,0.0227,0.8326,0.0255,3740.7295,f1_score
0.26827,0.000118,3,5,0.7652,0.0239,0.763,0.0227,0.8326,0.0254,3740.7295,f1_score
0.26827,0.000129,3,5,0.7652,0.0239,0.763,0.0227,0.8326,0.0254,3740.7295,f1_score
0.26827,0.000142,3,5,0.7652,0.0239,0.763,0.0227,0.8326,0.0253,3740.7295,f1_score
0.26827,0.000156,3,5,0.7652,0.0239,0.763,0.0227,0.8326,0.0253,3740.7295,f1_score
0.26827,0.000171,3,5,0.7652,0.0239,0.763,0.0227,0.8327,0.0254,3740.7295,f1_score
0.26827,0.000187,3,5,0.7652,0.0239,0.763,0.0227,0.8326,0.0254,3740.7295,f1_score
0.26827,0.000206,3,5,0.7652,0.0239,0.763,0.0227,0.8326,0.0253,3740.7295,f1_score
0.372759,1.7e-05,3,5,0.7652,0.0239,0.763,0.0227,0.8326,0.0256,3740.7295,f1_score
0.372759,1.8e-05,3,5,0.7652,0.0239,0.763,0.0227,0.8326,0.0256,3740.7295,f1_score
0.372759,2e-05,3,5,0.7652,0.0239,0.763,0.0227,0.8325,0.0256,3740.7295,f1_score
0.372759,2.2e-05,3,5,0.7652,0.0239,0.763,0.0227,0.8325,0.0256,3740.7295,f1_score
0.372759,2.4e-05,3,5,0.7652,0.0239,0.763,0.0227,0.8325,0.0256,3740.7295,f1_score
0.372759,2.7e-05,3,5,0.7652,0.0239,0.763,0.0227,0.8325,0.0256,3740.7295,f1_score
0.372759,2.9e-05,3,5,0.7652,0.0239,0.763,0.0227,0.8325,0.0256,3740.7295,f1_score
0.372759,3.2e-05,3,5,0.7652,0.0239,0.763,0.0227,0.8325,0.0256,3740.7295,f1_score
0.372759,3.5e-05,3,5,0.7652,0.0239,0.763,0.0227,0.8325,0.0256,3740.7295,f1_score
0.372759,3.9e-05,3,5,0.7652,0.0239,0.763,0.0227,0.8325,0.0256,3740.7295,f1_score
0.372759,4.2e-05,3,5,0.7652,0.0239,0.763,0.0227,0.8325,0.0256,3740.7295,f1_score
0.372759,4.6e-05,3,5,0.7652,0.0239,0.763,0.0227,0.8325,0.0256,3740.7295,f1_score
0.372759,5.1e-05,3,5,0.7652,0.0239,0.763,0.0227,0.8325,0.0256,3740.7295,f1_score
0.372759,5.6e-05,3,5,0.7652,0.0239,0.763,0.0227,0.8326,0.0256,3740.7295,f1_score
0.372759,6.1e-05,3,5,0.7652,0.0239,0.763,0.0227,0.8326,0.0255,3740.7295,f1_score
0.372759,6.7e-05,3,5,0.7652,0.0239,0.763,0.0227,0.8326,0.0255,3740.7295,f1_score
0.372759,7.4e-05,3,5,0.7652,0.0239,0.763,0.0227,0.8326,0.0254,3740.7295,f1_score
0.372759,8.1e-05,3,5,0.7652,0.0239,0.763,0.0227,0.8326,0.0254,3740.7295,f1_score
0.372759,8.9e-05,3,5,0.7652,0.0239,0.763,0.0227,0.8327,0.0253,3740.7295,f1_score
0.372759,9.8e-05,3,5,0.7652,0.0239,0.763,0.0227,0.8327,0.0253,3740.7295,f1_score
0.372759,0.000107,3,5,0.7652,0.0239,0.763,0.0227,0.8327,0.0253,3740.7295,f1_score
0.372759,0.000118,3,5,0.7652,0.0239,0.763,0.0227,0.8326,0.0254,3740.7295,f1_score
0.372759,0.000129,3,5,0.7652,0.0239,0.763,0.0227,0.8326,0.0254,3740.7295,f1_score
0.517947,1e-05,3,5,0.7652,0.0233,0.763,0.022,0.8326,0.025,3740.7295,f1_score
0.517947,1.1e-05,3,5,0.7652,0.0239,0.763,0.0227,0.8325,0.0256,3740.7295,f1_score
0.517947,1.3e-05,3,5,0.7652,0.0239,0.763,0.0227,0.8325,0.0256,3740.7295,f1_score
0.517947,1.4e-05,3,5,0.7652,0.0239,0.763,0.0227,0.8325,0.0256,3740.7295,f1_score
0.517947,1.5e-05,3,5,0.7652,0.0239,0.763,0.0227,0.8325,0.0256,3740.7295,f1_score
0.517947,1.7e-05,3,5,0.7652,0.0239,0.763,0.0227,0.8325,0.0256,3740.7295,f1_score
0.517947,1.8e-05,3,5,0.7652,0.0239,0.763,0.0227,0.8325,0.0256,3740.7295,f1_score
0.517947,2e-05,3,5,0.7652,0.0239,0.763,0.0227,0.8325,0.0256,3740.7295,f1_score
0.517947,2.2e-05,3,5,0.7652,0.0239,0.763,0.0227,0.8325,0.0256,3740.7295,f1_score
0.517947,2.4e-05,3,5,0.7652,0.0239,0.763,0.0227,0.8325,0.0256,3740.7295,f1_score
0.517947,2.7e-05,3,5,0.7652,0.0239,0.763,0.0227,0.8325,0.0256,3740.7295,f1_score
0.517947,2.9e-05,3,5,0.7652,0.0239,0.763,0.0227,0.8326,0.0256,3740.7295,f1_score
0.517947,3.2e-05,3,5,0.7652,0.0239,0.763,0.0227,0.8326,0.0256,3740.7295,f1_score
0.517947,3.5e-05,3,5,0.7652,0.0239,0.763,0.0227,0.8326,0.0255,3740.7295,f1_score
0.517947,3.9e-05,3,5,0.7652,0.0239,0.763,0.0227,0.8326,0.0255,3740.7295,f1_score
0.517947,4.2e-05,3,5,0.7652,0.0239,0.763,0.0227,0.8326,0.0254,3740.7295,f1_score
0.517947,4.6e-05,3,5,0.7652,0.0239,0.763,0.0227,0.8326,0.0254,3740.7295,f1_score
0.517947,5.1e-05,3,5,0.7652,0.0239,0.763,0.0227,0.8326,0.0253,3740.7295,f1_score
0.517947,5.6e-05,3,5,0.7652,0.0239,0.763,0.0227,0.8327,0.0253,3740.7295,f1_score
0.517947,6.1e-05,3,5,0.7652,0.0239,0.763,0.0227,0.8327,0.0253,3740.7295,f1_score
0.517947,6.7e-05,3,5,0.7652,0.0239,0.763,0.0227,0.8326,0.0254,3740.7295,f1_score
0.517947,7.4e-05,3,5,0.7652,0.0239,0.763,0.0227,0.8326,0.0254,3740.7295,f1_score
0.719686,5e-06,3,5,0.7652,0.0231,0.763,0.0219,0.8325,0.0247,3740.7295,f1_score
0.719686,6e-06,3,5,0.7652,0.0239,0.763,0.0227,0.8325,0.0256,3740.7295,f1_score
0.719686,7e-06,3,5,0.7652,0.0233,0.763,0.022,0.8325,0.0249,3740.7295,f1_score
0.719686,8e-06,3,5,0.7652,0.0239,0.763,0.0227,0.8325,0.0256,3740.7295,f1_score
0.719686,9e-06,3,5,0.7652,0.0239,0.763,0.0227,0.8325,0.0256,3740.7295,f1_score
0.719686,1e-05,3,5,0.7652,0.0233,0.763,0.022,0.8325,0.0249,3740.7295,f1_score
0.719686,1.1e-05,3,5,0.7652,0.0239,0.763,0.0227,0.8325,0.0256,3740.7295,f1_score
0.719686,1.3e-05,3,5,0.7652,0.0239,0.763,0.0227,0.8326,0.0256,3740.7295,f1_score
0.719686,1.4e-05,3,5,0.7652,0.0239,0.763,0.0227,0.8326,0.0255,3740.7295,f1_score
0.719686,1.5e-05,3,5,0.7652,0.0239,0.763,0.0227,0.8326,0.0255,3740.7295,f1_score
0.719686,1.7e-05,3,5,0.7652,0.0239,0.763,0.0227,0.8326,0.0254,3740.7295,f1_score
0.719686,1.8e-05,3,5,0.7652,0.0239,0.763,0.0227,0.8326,0.0254,3740.7295,f1_score
0.719686,2e-05,3,5,0.7652,0.0239,0.763,0.0227,0.8327,0.0253,3740.7295,f1_score
0.719686,2.2e-05,3,5,0.7652,0.0239,0.763,0.0227,0.8327,0.0253,3740.7295,f1_score
0.719686,2.4e-05,3,5,0.7652,0.0239,0.763,0.0227,0.8327,0.0253,3740.7295,f1_score
0.719686,2.7e-05,3,5,0.7652,0.0239,0.763,0.0227,0.8327,0.0254,3740.7295,f1_score
0.719686,2.9e-05,3,5,0.7652,0.0239,0.763,0.0227,0.8326,0.0253,3740.7295,f1_score
0.719686,0.001,3,5,0.7593,0.0231,0.7572,0.0221,0.8345,0.0261,3740.7295,roc_auc_score
